id;title;description;year;tags;kinopoisk;imdb;voice_over;video_link;full_text;src_small;src;src_big;src_xbig;src_xxbig;src_xxxbig;video
0;Не здавайся;Амілья распачала блог, які падтрымлівае жанчын, што сутыкнуліся з гвалтам у сям’і. Блог прынёс ёй славу, грошы – і пагрозу жыццю. Хто хоча яе забіць? Ейны новы мужчына? Датэрмінова вызвалены экс-муж? Апантаны фан ці...?;2011;#драма, #дэтэктыў, #трылер, #агучка;https://www.kinopoisk.ru/film/prodolzhaya-borotsya-2011-582291/;http://www.imdb.com/title/tt1826780/;https://baravik.org/topic/1400/;;Не здавайся | No surrender | 2011<br><br>Амілья распачала блог, які падтрымлівае жанчын, што сутыкнуліся з гвалтам у сям’і. Блог прынёс ёй славу, грошы – і пагрозу жыццю. Хто хоча яе забіць? Ейны новы мужчына? Датэрмінова вызвалены экс-муж? Апантаны фан ці...?<br><br>Беларуская агучка: https://baravik.org/topic/1400/ (DVO)<br><br>IMDb: http://www.imdb.com/title/tt1826780/<br>Kinopoisk: https://www.kinopoisk.ru/film/prodolzhaya-borotsya-2011-582291/<br><br>#драма@kinakipa #дэтэктыў@kinakipa #трылер@kinakipa #агучка@kinakipa;https://pp.userapi.com/c841022/v841022331/5b5cc/sm92Sr355MQ.jpg;https://pp.userapi.com/c841022/v841022331/5b5cd/J0o8b_577ws.jpg;https://pp.userapi.com/c841022/v841022331/5b5ce/Hsoy1Uld-2E.jpg;https://pp.userapi.com/c841022/v841022331/5b5cf/-bcoB0t_dJs.jpg;https://pp.userapi.com/c841022/v841022331/5b5d0/C67Kv9Fwzrg.jpg;https://pp.userapi.com/c841022/v841022331/5b5d1/ulA6Oexdcrw.jpg;<iframe src="https://vk.com/video_ext.php?oid=-84384884&id=171162576&hash=41217e8dd1897899" width="480" height="270" frameborder="0" allowfullscreen></iframe>
1;Мандарыны;1992 год, Абхазія. Старажытнае эстонскае сяло, размешчанае ў маляўнічым месцы паміж гарамі і морам, спусцела - эстонцы вярнуліся на сваю гістарычную радзіму. Засталіся толькі гаспадар таварнага цэха Верба, яго сусед, уладальнік мандарынавай плянтацыі Маргус і мясцовы доктар Юхан, які ўжо гатовы пакінуць паселішча. Маргус таксама збіраецца з'ехаць у Эстонію, але толькі пасля таго, як будзе сабраны ўраджай мандарынаў. Вайна даходзіць да сяла, адбываецца баявое сутыкненне паміж грузінамі і абхазцамі. Пасля бою Верба і Маргус знаходзяць аднаго пакінутага ў жывых чачэнскага найміта Ахмеда, які ваюе на абхазскім баку. Верба забірае Ахмеда да сябе дахаты, каб яго вылечыць. Уначы, хаваючы загінулых, Маргус выяўляе, што, нягледзячы на цяжкае раненьне, у баі выжыў і адзін грузін - малады хлопец Ніка. Яго таксама адносяць у хату Верба. Так пад адным дахам апынаюцца байцы супрацлеглых бакоў...;2013;#драма, #ваенны, #агучка;https://www.kinopoisk.ru/film/mandariny-2013-772017/;http://www.imdb.com/title/tt2991224/;https://baravik.org/topic/1576/;https://my.mail.ru/mail/semashko95/video/_myvideo/43.html;Мандарыны | Mandariinid | 2013<br><br>1992 год, Абхазія. Старажытнае эстонскае сяло, размешчанае ў маляўнічым месцы паміж гарамі і морам, спусцела - эстонцы вярнуліся на сваю гістарычную радзіму. Засталіся толькі гаспадар таварнага цэха Верба, яго сусед, уладальнік мандарынавай плянтацыі Маргус і мясцовы доктар Юхан, які ўжо гатовы пакінуць паселішча. Маргус таксама збіраецца з'ехаць у Эстонію, але толькі пасля таго, як будзе сабраны ўраджай мандарынаў. Вайна даходзіць да сяла, адбываецца баявое сутыкненне паміж грузінамі і абхазцамі. Пасля бою Верба і Маргус знаходзяць аднаго пакінутага ў жывых чачэнскага найміта Ахмеда, які ваюе на абхазскім баку. Верба забірае Ахмеда да сябе дахаты, каб яго вылечыць. Уначы, хаваючы загінулых, Маргус выяўляе, што, нягледзячы на цяжкае раненьне, у баі выжыў і адзін грузін - малады хлопец Ніка. Яго таксама адносяць у хату Верба. Так пад адным дахам апынаюцца байцы супрацлеглых бакоў...<br><br>Глядзець анлайн: https://my.mail.ru/mail/semashko95/video/_myvideo/43.html<br><br>Беларуская агучка: <br>720p: https://baravik.org/topic/1576/ (AVO)<br><br>IMDb: http://www.imdb.com/title/tt2991224/<br>Rotten Tomatoes: https://www.rottentomatoes.com/m/tangerines/<br>Kinopoisk: https://www.kinopoisk.ru/film/mandariny-2013-772017/<br><br>#драма@kinakipa #ваенны@kinakipa #агучка@kinakipa;https://pp.userapi.com/c840322/v840322358/1c25a/Fk4GcUz16Jw.jpg;https://pp.userapi.com/c840322/v840322358/1c25b/Xca7JRRx_QU.jpg;https://pp.userapi.com/c840322/v840322358/1c25c/dtuiE-XMCDM.jpg;https://pp.userapi.com/c840322/v840322358/1c25d/I2YjQrCwbq0.jpg;https://pp.userapi.com/c840322/v840322358/1c25e/d8MUY3Q9VYA.jpg;https://pp.userapi.com/c840322/v840322358/1c25f/EVeYH489ntU.jpg;<iframe src="https://www.youtube.com/embed/pzJkCzTb5X0" width="480" height="270" frameborder="0" allowfullscreen></iframe>
2;Кітайская гісторыя;Гісторыя Раберта, самотнага ўладальніка гаспадарчай крамы, пагружанага ў свой уласны свет; ягонае жыццё падзялілася на “да” і “пасля” яшчэ 20 гадоў таму… Дні, справы і звычкі нашага героя распісаны штохвілінна; любое парушэнне гадамі ўстойлівага парадку і ўяўленняў пра сутнасць рэчаў будзе крытычным…Усё б так і працягвалася, але раптоўнае ўмяшанне лёсу парушыла манатоннае існаванне: аргентынца і кітайца звяла разам карова, якая звалілася з неба…;2011;#камедыя, #драма, #агучка;https://www.kinopoisk.ru/film/kitayskaya-skazka-2011-558495/;http://www.imdb.com/title/tt1705786/;https://baravik.org/post/8199/;;Кітайская гісторыя | Un cuento chino | 2011<br><br>Гісторыя Раберта, самотнага ўладальніка гаспадарчай крамы, пагружанага ў свой уласны свет; ягонае жыццё падзялілася на “да” і “пасля” яшчэ 20 гадоў таму… Дні, справы і звычкі нашага героя распісаны штохвілінна; любое парушэнне гадамі ўстойлівага парадку і ўяўленняў пра сутнасць рэчаў будзе крытычным…<br>Усё б так і працягвалася, але раптоўнае ўмяшанне лёсу парушыла манатоннае існаванне: аргентынца і кітайца звяла разам карова, якая звалілася з неба…<br><br>Беларуская агучка: <br>720p: https://baravik.org/post/8199/ (DVO)<br><br>IMDb: http://www.imdb.com/title/tt1705786/<br>Rotten Tomatoes: https://www.rottentomatoes.com/m/chinese_take_away_2011/<br>Kinopoisk: https://www.kinopoisk.ru/film/kitayskaya-skazka-2011-558495/<br><br>#камедыя@kinakipa #драма@kinakipa #агучка@kinakipa;https://pp.userapi.com/c831108/v831108044/2fedd/hpxgtzbzGD8.jpg;https://pp.userapi.com/c831108/v831108044/2fede/VFMGqudHhv8.jpg;https://pp.userapi.com/c831108/v831108044/2fedf/pF6ChH2HOFI.jpg;https://pp.userapi.com/c831108/v831108044/2fee0/jNd8RGJIAqQ.jpg;https://pp.userapi.com/c831108/v831108044/2fee1/X7bucaB1LYo.jpg;https://pp.userapi.com/c831108/v831108044/2fee2/r1wecHhqq9g.jpg;<iframe src="https://www.youtube.com/embed/BiqadufEK3Q" width="480" height="270" frameborder="0" allowfullscreen></iframe>
3;Збеглая нявеста;Мэгі Карпэнтэр, мілая дзяўчына з мястэчка, мае адное дзівацтва: яна ўцякае з уласных вяселляў. Гэтак здарылася ўжо чатыры разы. Чаму яна гэта робіць? Журналіст Айк Грэям, які прыехаў з Нью-Ёрку рабіць матэрыял пра збеглую нявесту, думае, што разумее паводзіны дзяўчыны і што ён - той адзіны, ад якога Мэгі не ўцячэ. Айк прапаноўвае Мэгі ажаніцца, але ці скончыцца справа шлюбам?;1999;#меладрама, #камедыя, #агучка;https://www.kinopoisk.ru/film/sbezhavshaya-nevesta-1999-2520/;http://www.imdb.com/title/tt0163187/;https://baravik.org/topic/1799/;https://yadi.sk/i/2QNF3SiQ3RF7qb;Збеглая нявеста | Runaway Bride | 1999<br><br>Мэгі Карпэнтэр, мілая дзяўчына з мястэчка, мае адное дзівацтва: яна ўцякае з уласных вяселляў. Гэтак здарылася ўжо чатыры разы. Чаму яна гэта робіць? Журналіст Айк Грэям, які прыехаў з Нью-Ёрку рабіць матэрыял пра збеглую нявесту, думае, што разумее паводзіны дзяўчыны і што ён - той адзіны, ад якога Мэгі не ўцячэ. Айк прапаноўвае Мэгі ажаніцца, але ці скончыцца справа шлюбам?<br> <br>Глядзець анлайн: https://yadi.sk/i/2QNF3SiQ3RF7qb<br><br>Беларуская агучка: https://baravik.org/topic/1799/ (DVO) <br> <br>IMDb: http://www.imdb.com/title/tt0163187/<br>Rotten Tomatoes: https://www.rottentomatoes.com/m/runaway_bride<br>Kinopoisk: https://www.kinopoisk.ru/film/sbezhavshaya-nevesta-1999-2520/ <br> <br>#меладрама@kinakipa #камедыя@kinakipa #агучка@kinakipa;https://pp.userapi.com/c840629/v840629035/449f7/tWgb5ssn5oE.jpg;https://pp.userapi.com/c840629/v840629035/449f8/QnQr1iwPGt4.jpg;https://pp.userapi.com/c840629/v840629035/449f9/f-MVJrIIRwU.jpg;https://pp.userapi.com/c840629/v840629035/449fa/7kr5sw7bxag.jpg;https://pp.userapi.com/c840629/v840629035/449fb/ortHrSYgMy0.jpg;https://pp.userapi.com/c840629/v840629035/449fc/Ghwiq49wXkk.jpg;None;
4;Дзеля Элен;Няўдачлівы музыка выпраўляецца ў доўгую дарогу да сваёй жонкі, якая жыве разам з іх дачкою асобна, каб аформіць разжэнства. Патрабаванне адмовіцца ад правоў на дачку неспадзявана абуджае ў ім нязвыклыя пачуцці.;2012;#драма, #агучка;https://www.kinopoisk.ru/film/radi-ellen-2012-497043/;http://www.imdb.com/title/tt1570583/;https://baravik.org/post/7884/;;Дзеля Элен | For Ellen | 2012<br><br>Няўдачлівы музыка выпраўляецца ў доўгую дарогу да сваёй жонкі, якая жыве разам з іх дачкою асобна, каб аформіць разжэнства. Патрабаванне адмовіцца ад правоў на дачку неспадзявана абуджае ў ім нязвыклыя пачуцці.<br><br>Беларуская агучка: https://baravik.org/post/7884/ (DVO)<br><br>IMDb: http://www.imdb.com/title/tt1570583/<br>Rotten Tomatoes: https://www.rottentomatoes.com/m/for_ellen/<br>Kinopoisk: https://www.kinopoisk.ru/film/radi-ellen-2012-497043/ <br> <br>#драма@kinakipa #агучка@kinakipa;https://pp.userapi.com/c621706/v621706035/54697/iuIJgXSqxtY.jpg;https://pp.userapi.com/c621706/v621706035/54698/yDyyP5Ch5hE.jpg;https://pp.userapi.com/c621706/v621706035/54699/-QD_3ZHaobM.jpg;https://pp.userapi.com/c621706/v621706035/5469a/O9ioN9XVJXI.jpg;https://pp.userapi.com/c621706/v621706035/5469b/XRNjQlsVMNg.jpg;https://pp.userapi.com/c621706/v621706035/5469c/wnx-fWM2OjQ.jpg;<iframe src="https://www.youtube.com/embed/_kk6muIhff8" width="480" height="270" frameborder="0" allowfullscreen></iframe>
5;Цырульніца;Пасля разжэнства Каці пастанаўляе змяніць сваё жыццё і для пачатку вяртаецца туды, дзе прайшло ейнае дзяцінства, – у берлінскі раён Марцан. Управа працы прапаноўвае ёй вакансію цырульніцы ў модным салоне, але гаспадыня ўстановы адмаўляе ёй «з эстэтычных меркаванняў»: Каці не можа пахваліцца зграбнаю фігураю. Жанчына не здаецца і пастанаўляе адкрыць уласную цырульню, але гэта аказваецца зусім не проста.;2010;#камедыя, #драма, #агучка;https://www.kinopoisk.ru/film/parikmakhersha-2010-493979/;http://www.imdb.com/title/tt1585255/;https://baravik.org/post/7634/;;Цырульніца | Friseuse | 2010<br><br>Пасля разжэнства Каці пастанаўляе змяніць сваё жыццё і для пачатку вяртаецца туды, дзе прайшло ейнае дзяцінства, – у берлінскі раён Марцан. Управа працы прапаноўвае ёй вакансію цырульніцы ў модным салоне, але гаспадыня ўстановы адмаўляе ёй «з эстэтычных меркаванняў»: Каці не можа пахваліцца зграбнаю фігураю. Жанчына не здаецца і пастанаўляе адкрыць уласную цырульню, але гэта аказваецца зусім не проста.<br><br>Беларуская агучка: https://baravik.org/post/7634/ (DVO)<br><br>IMDb: http://www.imdb.com/title/tt1585255/<br>Rotten Tomatoes: https://www.rottentomatoes.com/m/die_friseuse_2010/<br>Kinopoisk: https://www.kinopoisk.ru/film/parikmakhersha-2010-493979/<br><br>#камедыя@kinakipa #драма@kinakipa #агучка@kinakipa;https://pp.userapi.com/c841024/v841024585/5b4a1/BNPkfFN4Tu0.jpg;https://pp.userapi.com/c841024/v841024585/5b4a2/GS2J2UlSf18.jpg;https://pp.userapi.com/c841024/v841024585/5b4a3/E26DHLt6dO0.jpg;https://pp.userapi.com/c841024/v841024585/5b4a4/ddc9VqWYUlY.jpg;https://pp.userapi.com/c841024/v841024585/5b4a5/bx7gUq31GYg.jpg;https://pp.userapi.com/c841024/v841024585/5b4a6/3BWrpUqaB_I.jpg;<iframe src="https://vk.com/video_ext.php?oid=-84384884&id=171156486&hash=4cd09237ec4c0eca" width="480" height="270" frameborder="0" allowfullscreen></iframe>
6;Дараванне крыві;Нік, вучань выпускнога класу, плануе пачаць сваю справу – адкрыць інтэрнэт-кавярню. Але планы на будучыню даводзіцца карэктаваць, калі сям’я ўступае ў канфлікт з суседзямі, а бацька, абвінавачаны ў забойстве, вымушаны ўцячы ў горы. Паводле старажытнага албанскага закону, пакуль галава сям’і хаваецца ад правасуддзя, ніводзін дарослы мужчына з сям’і ня мае права выходзіць з дому…;2011;#драма, #агучка;https://www.kinopoisk.ru/film/proshhenie-krovi-2010-575974/;http://www.imdb.com/title/tt1787127/;https://baravik.org/post/7885/;;Дараванне крыві | The Forgiveness of Blood | 2011<br><br>Нік, вучань выпускнога класу, плануе пачаць сваю справу – адкрыць інтэрнэт-кавярню. Але планы на будучыню даводзіцца карэктаваць, калі сям’я ўступае ў канфлікт з суседзямі, а бацька, абвінавачаны ў забойстве, вымушаны ўцячы ў горы. Паводле старажытнага албанскага закону, пакуль галава сям’і хаваецца ад правасуддзя, ніводзін дарослы мужчына з сям’і ня мае права выходзіць з дому…<br><br>Беларуская агучка: https://baravik.org/post/7885/ (DVO)<br><br>IMDb: http://www.imdb.com/title/tt1787127/<br>Rotten Tomatoes: https://www.rottentomatoes.com/m/the_forgiveness_of_blood/<br>Kinopoisk: https://www.kinopoisk.ru/film/proshhenie-krovi-2010-575974/<br><br>#драма@kinakipa #агучка@kinakipa;https://pp.userapi.com/c840135/v840135872/70095/6B94E3Mcm0A.jpg;https://pp.userapi.com/c840135/v840135872/70096/koKX3e5vSII.jpg;https://pp.userapi.com/c840135/v840135872/70097/eiOHPnsOBqQ.jpg;https://pp.userapi.com/c840135/v840135872/70098/kd82Bi_L--g.jpg;https://pp.userapi.com/c840135/v840135872/70099/fdKKBBQAX2Q.jpg;https://pp.userapi.com/c840135/v840135872/7009a/vxkAnUkf6ig.jpg;<iframe src="https://www.youtube.com/embed/bBkMrjpOGxg" width="480" height="270" frameborder="0" allowfullscreen></iframe>
7;Кава і цыгарэты;З 1980-х гг. вядомы незалежны рэжысёр Джым Ярмуш здымаў жартоўныя кароткаметражныя фільмы-сцэнкі, у якіх героі сустракаюцца за каваю з цыгарэтамі ды абмяркоўваюць самыя банальныя тэмы штодзённага жыцця. Выніковы фільм «Кава і цыгарэты» ўтвараюць 11 эпізодаў, у кожным з якіх блізкія ці зусім незнаёмыя людзі спрабуюць (збольшага няўдала) дасягнуць паразумення адно з адным. Менавіта на сітуацыі непаразумення і грунтуецца злёгку абсурдны гумар гэтай культавай чорна-белай камедыі.;2003, 1980;#камедыя, #драма, #музыка, #беларускаяагучка;https://www.kinopoisk.ru/film/kofe-i-sigarety-2003-61207/;http://www.imdb.com/title/tt0379217/;https://baravik.org/post/6942/;;Кава і цыгарэты | Coffee and Cigarettes | 2003<br><br>З 1980-х гг. вядомы незалежны рэжысёр Джым Ярмуш здымаў жартоўныя кароткаметражныя фільмы-сцэнкі, у якіх героі сустракаюцца за каваю з цыгарэтамі ды абмяркоўваюць самыя банальныя тэмы штодзённага жыцця. Выніковы фільм «Кава і цыгарэты» ўтвараюць 11 эпізодаў, у кожным з якіх блізкія ці зусім незнаёмыя людзі спрабуюць (збольшага няўдала) дасягнуць паразумення адно з адным. Менавіта на сітуацыі непаразумення і грунтуецца злёгку абсурдны гумар гэтай культавай чорна-белай камедыі.<br><br>Беларуская агучка: https://baravik.org/post/6942/ (DVO) <br><br>IMDb: http://www.imdb.com/title/tt0379217/<br>Rotten Tomatoes: https://www.rottentomatoes.com/m/coffee_and_cigarettes<br>Kinopoisk: https://www.kinopoisk.ru/film/kofe-i-sigarety-2003-61207/<br><br>#камедыя@kinakipa #драма@kinakipa #музыка@kinakipa #беларускаяагучка@kinakipa;https://pp.userapi.com/c830608/v830608904/36401/tD16Cn399KY.jpg;https://pp.userapi.com/c830608/v830608904/36402/IoyTItb2X40.jpg;https://pp.userapi.com/c830608/v830608904/36403/l8faqwaj1GU.jpg;https://pp.userapi.com/c830608/v830608904/36404/X74GNWzneVQ.jpg;https://pp.userapi.com/c830608/v830608904/36405/ExSiGEx1ic4.jpg;https://pp.userapi.com/c830608/v830608904/36406/m1Kig86Phno.jpg;<iframe src="https://vk.com/video_ext.php?oid=-84384884&id=171239726&hash=477dcc35d2cc394b" width="480" height="270" frameborder="0" allowfullscreen></iframe>
8;Чым мы прагнявілі Бога?;Спадар Вернэй і ягоная жонка – добрасумленнае сужэнства каталікоў, бацькі чатырох дачок – прыгажунь. У іх няма праблемы выдаць дачок замуж. Тры дзяўчыны ўжо знайшлі сваё шчасце. Вось толькі мужы, на думку бацькоў, не найлепшыя: адзін – кітаец, другі – араб, трэці – габрэй. Прыйшоў час, і чацвёртая дачка паведамляе радасную навіну: яна таксама выходзіць замуж. І ейны жаніх – чорнаскуры...;2014;#камедыя, #беларускаяагучка;https://www.kinopoisk.ru/film/748663/;http://www.imdb.com/title/tt2800240/;https://baravik.org/topic/1674/;;Чым мы прагнявілі Бога? | Qu’est-ce qu’on a fait au Bon Dieu? | 2014 <br> <br>Спадар Вернэй і ягоная жонка – добрасумленнае сужэнства каталікоў, бацькі чатырох дачок – прыгажунь. У іх няма праблемы выдаць дачок замуж. Тры дзяўчыны ўжо знайшлі сваё шчасце. Вось толькі мужы, на думку бацькоў, не найлепшыя: адзін – кітаец, другі – араб, трэці – габрэй. Прыйшоў час, і чацвёртая дачка паведамляе радасную навіну: яна таксама выходзіць замуж. І ейны жаніх – чорнаскуры... <br> <br>Беларуская агучка: https://baravik.org/topic/1674/ (DVO) <br> <br>IMDb: http://www.imdb.com/title/tt2800240/ <br>Rotten Tomatoes: https://www.rottentomatoes.com/m/qu_est_ce_qu_on_a_fa.. <br>Kinopoisk: https://www.kinopoisk.ru/film/748663/<br><br>#камедыя@kinakipa #беларускаяагучка@kinakipa;https://pp.userapi.com/c831409/v831409144/3304e/krtANilnHQE.jpg;https://pp.userapi.com/c831409/v831409144/3304f/5MAOu3nwiEk.jpg;https://pp.userapi.com/c831409/v831409144/33050/4w1msOBPM3U.jpg;https://pp.userapi.com/c831409/v831409144/33051/KQFugMk9JIU.jpg;https://pp.userapi.com/c831409/v831409144/33052/m3H3A7BP0fU.jpg;https://pp.userapi.com/c831409/v831409144/33053/8Ut3t8kYkk0.jpg;None;
9;Адзін дома 3;Група з чатырох тэрарыстаў выкрадае звышновую камп'ютарную плату, з дапамогай якой можна пачаць запуск ўсіх балістычных ракет ЗША. Каб адправіць яе чартэрным рэйсам у Чыкага яны ўставілі гэтую плату ўнутар дзіцячай машынкі. У выніку выпадковых абставінаў машынка трапляе да маленькага хлопчыка Алекса Пруіта, які адразу заўважыў што нешта ў ёй не так. Як толькі бандыты збяруцца пранікнуць у дом сям'і Пруітаў, каб вярнуць плату, хлопец дасць ім годны адпор. Ён хоць і маленькі, але даволі такі кемлівы, таму з лёгкасцю прыгатуе нашым злодзеям шмат пастак, небяспечных для іх жыцця...;1997;#камедыя, #крымінал, #сямейны, #беларускаяагучка;https://www.kinopoisk.ru/film/odin-doma-3-1997-20789/;http://www.imdb.com/title/tt0119303/;https://baravik.org/topic/1798/;;Адзін дома 3 | Home Alone 3 | 1997<br><br>Група з чатырох тэрарыстаў выкрадае звышновую камп'ютарную плату, з дапамогай якой можна пачаць запуск ўсіх балістычных ракет ЗША. Каб адправіць яе чартэрным рэйсам у Чыкага яны ўставілі гэтую плату ўнутар дзіцячай машынкі. У выніку выпадковых абставінаў машынка трапляе да маленькага хлопчыка Алекса Пруіта, які адразу заўважыў што нешта ў ёй не так. Як толькі бандыты збяруцца пранікнуць у дом сям'і Пруітаў, каб вярнуць плату, хлопец дасць ім годны адпор. Ён хоць і маленькі, але даволі такі кемлівы, таму з лёгкасцю прыгатуе нашым злодзеям шмат пастак, небяспечных для іх жыцця...<br><br>Беларуская агучка: <br>1080p: https://baravik.org/topic/1798/ (MVO)<br><br>Фільм перакладзены і агучаны аб'яднаннем Futubela Crew<br><br>IMDb: http://www.imdb.com/title/tt0119303/<br>Rotten Tomatoes: https://www.rottentomatoes.com/m/home_alone_3<br>Kinopoisk: https://www.kinopoisk.ru/film/odin-doma-3-1997-20789/<br><br>#камедыя@kinakipa #крымінал@kinakipa #сямейны@kinakipa #беларускаяагучка@kinakipa;https://pp.userapi.com/c831409/v831409907/2d6a6/xhTs2f9uqLw.jpg;https://pp.userapi.com/c831409/v831409907/2d6a7/uasL9Qr6qvk.jpg;https://pp.userapi.com/c831409/v831409907/2d6a8/pgWl-5tspSg.jpg;https://pp.userapi.com/c831409/v831409907/2d6a9/Uj6tGBC6hF0.jpg;https://pp.userapi.com/c831409/v831409907/2d6aa/DWxT_iz3bCo.jpg;https://pp.userapi.com/c831409/v831409907/2d6ab/t-nY8Gaq6kc.jpg;<iframe src="https://vk.com/video_ext.php?oid=8892584&id=456239235&hash=2b5096dee871e57a" width="480" height="270" frameborder="0" allowfullscreen></iframe>
10;;Кевін МакКалістэр вярнуўся! Але цяпер ён адзін не дома, а ў Нью-Ёрку і ў яго дастаткова грошай і крэдытных картак, каб ператварыць Вялікі Яблык ва ўласную пляцоўку для гульняў. Але, як заўсёды, Кевіну не наканавана быць доўга аднаму, яго старыя знаёмыя, жулікі Гары і Марв, збеглі з турмы, у якой апынуліся дзякуючы Кевіну. І трэба ж ім было трапіць менавіта ў той горад, дзе хлопец планаваў пазабаўляцца. Новыя пасткі ўжо чакаюць бандытаў-няўдачнікаў.;1992;#камедыя, #прыгоды, #сямейны, #беларускіясубцітры, #беларускаяагучка;https://www.kinopoisk.ru/film/5928/;http://www.imdb.com/title/tt0104431/;http://www.baravik.org/topic/1336/, http://www.baravik.org/topic/1542/, http://www.baravik.org/topic/1631/;https://my.mail.ru/mail/semashko95/video/_myvideo/34.html;Адзін дома 2: Згублены ў Нью Ёрку | Home Alone 2: Lost in New York | 1992<br><br>Кевін МакКалістэр вярнуўся! Але цяпер ён адзін не дома, а ў Нью-Ёрку і ў яго дастаткова грошай і крэдытных картак, каб ператварыць Вялікі Яблык ва ўласную пляцоўку для гульняў. Але, як заўсёды, Кевіну не наканавана быць доўга аднаму, яго старыя знаёмыя, жулікі Гары і Марв, збеглі з турмы, у якой апынуліся дзякуючы Кевіну. І трэба ж ім было трапіць менавіта ў той горад, дзе хлопец планаваў пазабаўляцца. Новыя пасткі ўжо чакаюць бандытаў-няўдачнікаў.<br><br>Глядзець анлайн: https://my.mail.ru/mail/semashko95/video/_myvideo/34.html<br><br>Беларуская агучка: http://www.baravik.org/topic/1336/ (MVO) <br>720p: http://www.baravik.org/topic/1542/ (MVO) <br>1080p: http://www.baravik.org/topic/1631/ (MVO)<br> <br>Фільм перакладзены і агучаны аб'яднаннем Futubela Crew<br><br>IMDb: http://www.imdb.com/title/tt0104431/<br>Rotten Tomatoes: https://www.rottentomatoes.com/m/home_alone_2_lost_in_new_york<br>Kinopoisk: https://www.kinopoisk.ru/film/5928/ <br> <br>#камедыя@kinakipa #прыгоды@kinakipa #сямейны@kinakipa #беларускіясубцітры@kinakipa #беларускаяагучка@kinakipa;https://pp.userapi.com/c841136/v841136979/506ea/ULjw79PAo0c.jpg;https://pp.userapi.com/c841136/v841136979/506eb/zQPfC6RNNx8.jpg;https://pp.userapi.com/c841136/v841136979/506ec/YbdHds3Tu8k.jpg;https://pp.userapi.com/c841136/v841136979/506ed/4vEyG81AZvQ.jpg;https://pp.userapi.com/c841136/v841136979/506ee/PXHYDRh2AXE.jpg;https://pp.userapi.com/c841136/v841136979/506ef/EfuJGXHHzso.jpg;None;
11;Адзін дома;Кевіну, які заўсёды марыў застацца ў доме аднаму, каб пад час адсутнасці сваёй велізарнай і клапатлівай сям'і, адпачыць і заняцца тым, чым яму хочацца, а не тым, што яму дазваляюць, напярэдадні Калядаў усміхаецца ўдача. Усе яго сваякі вырашылі адпачыць на Каляды ў Парыжы, але ў спешцы, з'ехаўшы ў аэрапорт, яны забываюць Кевіна дома. А няўрымсліваму хлопчыку толькі гэтага і трэба. Ён забаўляецца дома на поўную катушку і нават, калі ў хату залезлі рабаўнікі, малы не разгубіўся. Ён стварыў для іх такія выпрабаванні, што злодзеі былi не вельмі рады, што трапілі ў гэты злашчасны для іх дом...;1990;#камедыя, #сямейны, #беларускіясубцітры, #беларускаяагучка;https://www.kinopoisk.ru/film/8124/;http://www.imdb.com/title/tt0099785/;http://www.baravik.org/topic/1092/, http://www.baravik.org/topic/1542/, http://www.baravik.org/topic/1631/;https://my.mail.ru/mail/semashko95/video/_myvideo/27.html;Адзін дома | Home Alone | 1990 <br> <br>Кевіну, які заўсёды марыў застацца ў доме аднаму, каб пад час адсутнасці сваёй велізарнай і клапатлівай сям'і, адпачыць і заняцца тым, чым яму хочацца, а не тым, што яму дазваляюць, напярэдадні Калядаў усміхаецца ўдача. Усе яго сваякі вырашылі адпачыць на Каляды ў Парыжы, але ў спешцы, з'ехаўшы ў аэрапорт, яны забываюць Кевіна дома. А няўрымсліваму хлопчыку толькі гэтага і трэба. Ён забаўляецца дома на поўную катушку і нават, калі ў хату залезлі рабаўнікі, малы не разгубіўся. Ён стварыў для іх такія выпрабаванні, што злодзеі былi не вельмі рады, што трапілі ў гэты злашчасны для іх дом...<br><br>Глядзець анлайн: https://my.mail.ru/mail/semashko95/video/_myvideo/27.html<br><br>Беларуская агучка: http://www.baravik.org/topic/1092/ (MVO)<br>720p: http://www.baravik.org/topic/1542/ (MVO)<br>1080p: http://www.baravik.org/topic/1631/ (MVO)<br><br>Фільм перакладзены і агучаны аб'яднаннем Futubela Crew<br> <br>IMDb: http://www.imdb.com/title/tt0099785/<br>Rotten Tomatoes: https://www.rottentomatoes.com/m/home_alone<br>Kinopoisk: https://www.kinopoisk.ru/film/8124/ <br><br>#камедыя@kinakipa #сямейны@kinakipa #беларускіясубцітры@kinakipa #беларускаяагучка@kinakipa;https://pp.userapi.com/c830400/v830400247/2dee1/aXP9gypbl70.jpg;https://pp.userapi.com/c830400/v830400247/2dee2/Pngwws5GvEI.jpg;https://pp.userapi.com/c830400/v830400247/2dee3/jPdYkLJZOno.jpg;https://pp.userapi.com/c830400/v830400247/2dee4/wS-G_Xt905s.jpg;https://pp.userapi.com/c830400/v830400247/2dee5/cXTwLUm42xk.jpg;https://pp.userapi.com/c830400/v830400247/2dee6/AN-mIfppFnA.jpg;None;
12;Невядомая гісторыя на Каляды;Перад Калядамі ў невялікім мястэчку вызначаецца лёс дзіцячага дому сястры Гартэнсьі. Згодна з плянамі мясцовага бізнэсоўцы Скрудзяка, дом знясуць, а на яго месцы пабудуюць бензастанцыю. Што будзе з дзецьмі - сіротамі, бізнэсоўцу не цікавіць, бо для яго галоўнае прыбытак. Выхаванцы сястры Гартэнсьі рыхтуюцца справіць Каляды, мажліва, гэта апошнія іхныя сьвяты разам. Тым часам у мястэчку адбываецца злачынства і разгортваецца дэтэктыўная гісторыя, у небясьпеку трапляе дачка Скрудзяка. Здаецца, толькі цуд можа дапамагчы...;2000;#прыгоды, #беларускаяагучка;https://www.kinopoisk.ru/film/neizvestnaya-rozhdestvenskaya-istoriya-2000-392692/;http://www.imdb.com/title/tt0282796/;https://baravik.org/post/8494/;;https://pp.userapi.com/c831209/v831209917/255df/ttEfFAnZFjI.jpg;https://pp.userapi.com/c831209/v831209917/255e0/nak8fLgXxIk.jpg;https://pp.userapi.com/c831209/v831209917/255e1/EWjsbBnXeX8.jpg;https://pp.userapi.com/c831209/v831209917/255e2/WqROgHfArcY.jpg;https://pp.userapi.com/c831209/v831209917/255e3/YQo7k2SbBZk.jpg;https://pp.userapi.com/c831209/v831209917/255e4/zc1W_nsmo7Q.jpg;<iframe src="None" width="480" height="270" frameborder="0" allowfullscreen></iframe>
13;Любоў насамрэч;Нашае жыццё прасякнутае любоўю. Гэтае светлае пачуццё трымае разам мільярды людзей. Стасункі паміж бацькамі і дзецьмі, шчырае неперадузятае сяброўства, юнацкае авантурнае захапленне і неперможная шлюбная вернасць…Напярэдадні Калядаў халасты прэм’ер-міністар працінаецца каханнем ў абліччы сваёй сакратаркі; айчым нарэшце знаходзіць агульную мову з сынам на глебе юначага кахання да дзяўчыны са школы; пісьменнік, паранены здрадай, едзе ў Францыю і ў возеры сустракае сваю любоў; шараговая супрацоўніца шараговай фірмы ня можа прызнацца ў каханні да свайго калегі; у той час бос гэтае фірмы паддаецца спакусам свае сакратаркі, губячы шлюб; малады хлопец, моцна закаханы ў дзяўчыну свайго найлепшага сябра, губляе розум пасля іх вяселля; ну і рокер, які напрыканцы жыцця ўсведамляе, што нікога ніколі не любіў, апроч свайго тоўстага мэнэджэра.;2003;#камедыя, #драма, #меладрама, #беларускаяагучка;https://www.kinopoisk.ru/film/6144/;http://www.imdb.com/title/tt0314331/;http://www.baravik.org/topic/210/;;Любоў насамрэч | Love Actually | 2003<br><br>Нашае жыццё прасякнутае любоўю. Гэтае светлае пачуццё трымае разам мільярды людзей. Стасункі паміж бацькамі і дзецьмі, шчырае неперадузятае сяброўства, юнацкае авантурнае захапленне і неперможная шлюбная вернасць…<br>Напярэдадні Калядаў халасты прэм’ер-міністар працінаецца каханнем ў абліччы сваёй сакратаркі; айчым нарэшце знаходзіць агульную мову з сынам на глебе юначага кахання да дзяўчыны са школы; пісьменнік, паранены здрадай, едзе ў Францыю і ў возеры сустракае сваю любоў; шараговая супрацоўніца шараговай фірмы ня можа прызнацца ў каханні да свайго калегі; у той час бос гэтае фірмы паддаецца спакусам свае сакратаркі, губячы шлюб; малады хлопец, моцна закаханы ў дзяўчыну свайго найлепшага сябра, губляе розум пасля іх вяселля; ну і рокер, які напрыканцы жыцця ўсведамляе, што нікога ніколі не любіў, апроч свайго тоўстага мэнэджэра.<br>Усе гэтыя пачуццёвыя лініі сплятаюцца і дасягаюць эпагею ў калядны вечар.<br><br>Пераклад падрыхтаваны творчай ініцыятывай "Беларускі Гальфстрым".<br><br>Беларуская агучка: http://www.baravik.org/topic/210/ (MVO)<br>Набыць дыск: http://imbryk.by/katalioh/videa/liubou-nasamrec.html http://prastora.by/videa/liubou-nasamrec<br><br>IMDb: http://www.imdb.com/title/tt0314331/<br>Rotten Tomatoes: https://www.rottentomatoes.com/m/love_actually/<br>Kinopoisk: https://www.kinopoisk.ru/film/6144/<br><br>#камедыя@kinakipa #драма@kinakipa #меладрама@kinakipa #беларускаяагучка@kinakipa;https://pp.userapi.com/c841228/v841228398/4ed6c/h7qAYtmolSA.jpg;https://pp.userapi.com/c841228/v841228398/4ed6d/aLrWh_87wX0.jpg;https://pp.userapi.com/c841228/v841228398/4ed6e/5GKneSB3LEU.jpg;https://pp.userapi.com/c841228/v841228398/4ed6f/49c16ZIBTmA.jpg;https://pp.userapi.com/c841228/v841228398/4ed70/s0MHmuTanzo.jpg;https://pp.userapi.com/c841228/v841228398/4ed71/o8sEK2YOdL0.jpg;<iframe src="https://vk.com/video_ext.php?oid=3534973&id=148773971&hash=b8782ca239670154" width="480" height="270" frameborder="0" allowfullscreen></iframe>
14;Гэта цудоўнае жыццё;Фільм распавядае пра ахвярнасць, любоў і ўзаемадапамогу, а таксама пра істотнасць кожнага чалавека і значнасць яго паклікання. Малады чалавек Джордж Бэйлі ўсё жыццё адмаўляецца ад сваіх мараў дзеля іншых. Ён жыве ў маленькім гарадку, выдае крэдыты на будаўніцтва і назірае, як яго сябры і брат з'яжджаюць і дасягаюць, як яму падаецца, значна больш за яго. У канун аднаго Раства сур'ёзныя праблемы на працы даводзяць Джорджа да адчаю, і ён вырашае скончыць жыццё самагубствам. Але Нябёсы пасылаюць яму на дапамогу анёла-ахоўніка Клэрэнса, які паказвае Джорджу, якім бы быў свет без яго.;1946;#фэнтэзі, #драма, #сямейны, #беларускаяагучка;https://www.kinopoisk.ru/film/348/;http://www.imdb.com/title/tt0038650/;http://www.baravik.org/topic/1639/, http://www.baravik.org/topic/1638/;;Гэта цудоўнае жыццё | It's a Wonderful Life | 1946<br><br>Фільм распавядае пра ахвярнасць, любоў і ўзаемадапамогу, а таксама пра істотнасць кожнага чалавека і значнасць яго паклікання. Малады чалавек Джордж Бэйлі ўсё жыццё адмаўляецца ад сваіх мараў дзеля іншых. Ён жыве ў маленькім гарадку, выдае крэдыты на будаўніцтва і назірае, як яго сябры і брат з'яжджаюць і дасягаюць, як яму падаецца, значна больш за яго. У канун аднаго Раства сур'ёзныя праблемы на працы даводзяць Джорджа да адчаю, і ён вырашае скончыць жыццё самагубствам. Але Нябёсы пасылаюць яму на дапамогу анёла-ахоўніка Клэрэнса, які паказвае Джорджу, якім бы быў свет без яго. <br> <br>Глядзець анлайн:<br>https://my.mail.ru/mail/semashko95/video/_myvideo/22.html (Каляровая версія)<br>https://my.mail.ru/mail/semashko95/video/_myvideo/11.html (Чорна-белая версія)<br> <br>Беларуская агучка: <br>BDRip: http://www.baravik.org/topic/1639/ (MVO) <br>1080p: http://www.baravik.org/topic/1638/ (MVO) <br> <br>IMDb: http://www.imdb.com/title/tt0038650/ <br>Rotten Tomatoes: https://www.rottentomatoes.com/m/1010792_its_a_wonder.. <br>Kinopoisk: https://www.kinopoisk.ru/film/348/ <br> <br>#фэнтэзі@kinakipa #драма@kinakipa #сямейны@kinakipa #беларускаяагучка@kinakipa;https://pp.userapi.com/c638717/v638717694/1c2a9/ldMdKcPSRX4.jpg;https://pp.userapi.com/c638717/v638717694/1c2aa/JRX5CMAnNkk.jpg;https://pp.userapi.com/c638717/v638717694/1c2ab/DU1hbRfGqhI.jpg;https://pp.userapi.com/c638717/v638717694/1c2ac/FVUAdPT9F6M.jpg;<iframe src="https://www.youtube.com/embed/BcK0V50t9jc" width="480" height="270" frameborder="0" allowfullscreen></iframe>
15;Шлюб і перадузятасць;У горад Амрытсар у Паўночнай Індыі прыязджае з Англіі выпускнік Оксфарду і адвакат Бальрадж Упаль – тут ён спадзяецца знайсці сабе жонку. Разам з ім прыязджаюць ягоная сястра Кіран і ягоны найлепшы сябар – амерыканец Ўільям Дарсі з багатай прадпрымальніцкай сям’і, які маецца набыць у Амрытсары гатэль. На танцах яны знаёмяцца з чатырма сёстрамі з сям’і Бакшы, сярод якіх асабліваю прыгажосцю і розумам вызначаецца Лаліта, аднак скептычнае стаўленне Дарсі да ўсяго індыйскага не дазваляе маладым людзям да пэўнага часу знайсці агульную мову... Дарсі адгаворвае Бальраджа браць шлюб з сястрою Лаліты –Джаяй, і неўзабаве госці вяртаюцца ў Англію. Але ж для сапраўднага кахання нават тысячы кіламетраў – не перашкода...;2004;#камедыя, #драма, #меладрама, #мюзікл, #беларускаяагучка;https://www.kinopoisk.ru/film/nevesta-i-predrassudki-2004-24204/;http://www.imdb.com/title/tt0361411/;https://baravik.org/post/5295/;;Шлюб і перадузятасць | Bride &amp; Prejudice | 2004<br><br>У горад Амрытсар у Паўночнай Індыі прыязджае з Англіі выпускнік Оксфарду і адвакат Бальрадж Упаль – тут ён спадзяецца знайсці сабе жонку. Разам з ім прыязджаюць ягоная сястра Кіран і ягоны найлепшы сябар – амерыканец Ўільям Дарсі з багатай прадпрымальніцкай сям’і, які маецца набыць у Амрытсары гатэль. На танцах яны знаёмяцца з чатырма сёстрамі з сям’і Бакшы, сярод якіх асабліваю прыгажосцю і розумам вызначаецца Лаліта, аднак скептычнае стаўленне Дарсі да ўсяго індыйскага не дазваляе маладым людзям да пэўнага часу знайсці агульную мову... Дарсі адгаворвае Бальраджа браць шлюб з сястрою Лаліты –Джаяй, і неўзабаве госці вяртаюцца ў Англію. Але ж для сапраўднага кахання нават тысячы кіламетраў – не перашкода...<br><br>Беларуская агучка: https://baravik.org/post/5295/ (DVO)<br><br>IMDb: http://www.imdb.com/title/tt0361411/<br>Rotten Tomatoes: https://www.rottentomatoes.com/m/bride_and_prejudice<br>Kinopoisk: https://www.kinopoisk.ru/film/nevesta-i-predrassudki-2004-24204/<br><br>#камедыя@kinakipa #драма@kinakipa #меладрама@kinakipa #мюзікл@kinakipa #беларускаяагучка@kinakipa;https://pp.userapi.com/c824503/v824503837/61350/EVb_l9FpHBI.jpg;https://pp.userapi.com/c824503/v824503837/61351/ShPBkAwzSgM.jpg;https://pp.userapi.com/c824503/v824503837/61352/N7G90Cf8b2I.jpg;https://pp.userapi.com/c824503/v824503837/61353/Pn_NeS63WzI.jpg;https://pp.userapi.com/c824503/v824503837/61354/linUPsQ9JDs.jpg;https://pp.userapi.com/c824503/v824503837/61355/XONznCBjCX8.jpg;<iframe src="https://vk.com/video_ext.php?oid=-84384884&id=171199539&hash=3214dbc8a4a94ff2" width="480" height="270" frameborder="0" allowfullscreen></iframe>
16;Дэкалог;«Дэкалог» — цыкл з дзесяці тэлевізійных фільмаў. Кожны з фільмаў тэматычна звязаны з нейкай з дзесяці біблейскіх запаведзяў.;1989;#драма, #серыял, #беларускаяагучка;https://www.kinopoisk.ru/film/dekalog-1988-94660;http://www.imdb.com/title/tt0092337/;https://baravik.org/topic/1020/;;Дэкалог | Dekalog | 1989-1990<br><br>«Дэкалог» — цыкл з дзесяці тэлевізійных фільмаў. Кожны з фільмаў тэматычна звязаны з нейкай з дзесяці біблейскіх запаведзяў.<br><br>Беларуская агучка: https://baravik.org/topic/1020/ (DVO)<br><br>IMDb: http://www.imdb.com/title/tt0092337/<br>Rotten Tomatoes: https://www.rottentomatoes.com/tv/the_decalogue/<br>Kinopoisk: https://www.kinopoisk.ru/film/dekalog-1988-94660<br><br>#драма@kinakipa #серыял@kinakipa #беларускаяагучка@kinakipa;https://pp.userapi.com/c824603/v824603342/60a03/CbLxphCMMRg.jpg;https://pp.userapi.com/c824603/v824603342/60a04/8Q5THeP7j0E.jpg;https://pp.userapi.com/c824603/v824603342/60a05/U-bNHg5WyFo.jpg;https://pp.userapi.com/c824603/v824603342/60a06/78mxITMXQzg.jpg;https://pp.userapi.com/c824603/v824603342/60a07/ZhwowFdv2c0.jpg;https://pp.userapi.com/c824603/v824603342/60a08/tOKMEuCMSC8.jpg;<iframe src="None" width="480" height="270" frameborder="0" allowfullscreen></iframe>
17;Энтані Цымер;Інтэрпол шукае геніяльнага фінансавага махляра Энтані Цымера, які адмывае «брудныя» грошы, у тым ліку і для расейскай мафіі. Мафія таксама пераследуе Цымера, бо той зашмат ведае. Энтані нічога не застаецца, як цалкам змяніць сваё аблічча. Адзінае слабое месца Цымера – гэта ягоная каханка К’яра. Яна атрымлівае ад Цымера заданне імітаваць раман з вонкава падобным да яго мужчынам, каб і паліцыя, і мафія прынялі таго чалавека за Цымера...;2005;#крымінал, #драма, #меладрама, #беларускаяагучка;https://www.kinopoisk.ru/film/neulovimyy-2005-84027/;http://www.imdb.com/title/tt0411118/;https://baravik.org/post/978/;;Энтані Цымер | Anthony Zimmer | 2005<br><br>Інтэрпол шукае геніяльнага фінансавага махляра Энтані Цымера, які адмывае «брудныя» грошы, у тым ліку і для расейскай мафіі. Мафія таксама пераследуе Цымера, бо той зашмат ведае. Энтані нічога не застаецца, як цалкам змяніць сваё аблічча. Адзінае слабое месца Цымера – гэта ягоная каханка К’яра. Яна атрымлівае ад Цымера заданне імітаваць раман з вонкава падобным да яго мужчынам, каб і паліцыя, і мафія прынялі таго чалавека за Цымера...<br><br>Беларуская агучка: https://baravik.org/post/978/ (DVO)<br><br>IMDb: http://www.imdb.com/title/tt0411118/<br>Rotten Tomatoes: https://www.rottentomatoes.com/m/anthony_zimmer/<br>Kinopoisk: https://www.kinopoisk.ru/film/neulovimyy-2005-84027/<br><br>#крымінал@kinakipa #драма@kinakipa #меладрама@kinakipa #беларускаяагучка@kinakipa;https://pp.userapi.com/c841125/v841125408/51182/yZmnIiHx6Zk.jpg;https://pp.userapi.com/c841125/v841125408/51183/eyb9OkG2J9Y.jpg;https://pp.userapi.com/c841125/v841125408/51184/LU_vfWup2p8.jpg;https://pp.userapi.com/c841125/v841125408/51185/ZH3rWxgUrOo.jpg;https://pp.userapi.com/c841125/v841125408/51186/t6C0OHDZrHc.jpg;https://pp.userapi.com/c841125/v841125408/51187/ZPLyqwgO54k.jpg;<iframe src="https://vk.com/video_ext.php?oid=-84384884&id=171199543&hash=7c3978693592fd22" width="480" height="270" frameborder="0" allowfullscreen></iframe>
18;Адважны;Індзеец Рафаэл разам з жонкаю і двума дзецьмі жыве на сметнішчы побач з невялікім горадам Моргантаўн. Ён і ягоныя суседзі зарабляюць на жыццё, як могуць: поркаюцца ў смецці, спрабуюць знайсці нафту, рабуюць крамы, бо нармальнай працы ў наваколлі няма. Тут пануюць беспрасветная галеча і безвыходнасць. Аднойчы Рафаэлу прапаноўваюць вялікія грошы за незвычайную паслугу. Гэтай сумы было б дастаткова, каб сям’я індзейца назаўжды пакінула сметнішча...;1997;#драма, #беларускаяагучка;https://www.kinopoisk.ru/film/khrabrec-1997-4269/;http://www.imdb.com/title/tt0118768/;https://baravik.org/post/7632/;;Адважны | The Brave | 1997<br><br>Індзеец Рафаэл разам з жонкаю і двума дзецьмі жыве на сметнішчы побач з невялікім горадам Моргантаўн. Ён і ягоныя суседзі зарабляюць на жыццё, як могуць: поркаюцца ў смецці, спрабуюць знайсці нафту, рабуюць крамы, бо нармальнай працы ў наваколлі няма. Тут пануюць беспрасветная галеча і безвыходнасць. Аднойчы Рафаэлу прапаноўваюць вялікія грошы за незвычайную паслугу. Гэтай сумы было б дастаткова, каб сям’я індзейца назаўжды пакінула сметнішча...<br><br>Беларуская агучка: https://baravik.org/post/7632/ (DVO)<br><br>IMDb: http://www.imdb.com/title/tt0118768/<br>Rotten Tomatoes: https://www.rottentomatoes.com/m/10001126_brave?<br>Kinopoisk: https://www.kinopoisk.ru/film/khrabrec-1997-4269/<br><br>#драма@kinakipa #беларускаяагучка@kinakipa;https://pp.userapi.com/c831208/v831208677/1c615/iZaChStFQec.jpg;https://pp.userapi.com/c831208/v831208677/1c616/K4NhqjgZF-Y.jpg;https://pp.userapi.com/c831208/v831208677/1c617/tmj3gmmFwog.jpg;https://pp.userapi.com/c831208/v831208677/1c618/Ftl-1k98ON4.jpg;https://pp.userapi.com/c831208/v831208677/1c619/ERmPepsrHnw.jpg;https://pp.userapi.com/c831208/v831208677/1c61a/pRWtZZTrEO4.jpg;<iframe src="https://vk.com/video_ext.php?oid=-84384884&id=171199817&hash=f61193161366b439" width="480" height="270" frameborder="0" allowfullscreen></iframe>
19;Мільёны;Вялікая Брытанія рыхтуецца да пераходу з фунтаў стэрлінга на еўра. Група злачынцаў вырашае абрабаваць цягнік, які перавозіць брытанскія грошы да месца знішчэння. Падчас рабунку адну з грашовых торбаў зламыснікі згубілі перад «домам» з кардонных скрыняў малога Дэміена, якому ўвесь час мрояцца святыя. З гэтага моманту хлопчык пачынае інакш бачыць навакольны свет і людзей, якія жывуць у гэтым свеце. Аўтары фільму звяртаюць увагу на праблемы маралі і чалавечнасці.;2004;#драма, #камедыя, #крымінальныфільм, #сямейныфільм, #беларускаяагучка;https://www.kinopoisk.ru/film/milliony-2004-48609/;http://www.imdb.com/title/tt0366777/;https://baravik.org/topic/115/;;Мільёны | Millions | 2004<br><br>Вялікая Брытанія рыхтуецца да пераходу з фунтаў стэрлінга на еўра. Група злачынцаў вырашае абрабаваць цягнік, які перавозіць брытанскія грошы да месца знішчэння. Падчас рабунку адну з грашовых торбаў зламыснікі згубілі перад «домам» з кардонных скрыняў малога Дэміена, якому ўвесь час мрояцца святыя. З гэтага моманту хлопчык пачынае інакш бачыць навакольны свет і людзей, якія жывуць у гэтым свеце. Аўтары фільму звяртаюць увагу на праблемы маралі і чалавечнасці.<br><br>Беларуская агучка: https://baravik.org/topic/115/ (DVO)<br><br>IMDb: http://www.imdb.com/title/tt0366777/<br>Rotten Tomatoes: https://www.rottentomatoes.com/m/millions/<br>Kinopoisk: https://www.kinopoisk.ru/film/milliony-2004-48609/<br><br>#драма@kinakipa #камедыя@kinakipa #крымінальныфільм@kinakipa #сямейныфільм@kinakipa #беларускаяагучка@kinakipa;https://pp.userapi.com/c840622/v840622577/35dd6/G6qGs_iSkPw.jpg;https://pp.userapi.com/c840622/v840622577/35dd7/dsbR-4Pk9k0.jpg;https://pp.userapi.com/c840622/v840622577/35dd8/lLr1d00DwaI.jpg;https://pp.userapi.com/c840622/v840622577/35dd9/R3F5QaXOhRI.jpg;https://pp.userapi.com/c840622/v840622577/35dda/d2bABQfuvrs.jpg;https://pp.userapi.com/c840622/v840622577/35ddb/G2q9JgtsO2g.jpg;<iframe src="https://vk.com/video_ext.php?oid=-94439418&id=171135175&hash=b5c18f861612a804" width="480" height="270" frameborder="0" allowfullscreen></iframe>
20;Клубнічнае віно;Гэта не фільм пра каханне, хаця каханне ў ім ёсць. Гэта не камедыя, хоць героі кажуць смешныя рэчы. Гэта не дэтэктыў, хоць галоўны герой высвятляе, хто забіў... Гэта не побытавы фільм, хоць правінцыя тут зачароўвае сваймі колерамі. Гэта і не музычны фільм, хоць гарачая Любіца ў танцы выказвае сваю тугу. Гэта таксама не фільм пра духаў, хоць дух гутарыць з героем. Некалькі глыткоў «Клубнічнага віна» прыводзяць нас у чароўны свет гэтага цэнтру Еўропы. Тут каханне, злачынства, раскаянне – натуральныя складнікі жыцця, як поры года, матылі, птушкі або безупынны шум горнай рэчкі.;2008;#драма, #беларускаяагучка;https://www.kinopoisk.ru/film/420856/;http://www.imdb.com/title/tt1260596/;http://www.baravik.org/topic/1449/;;Клубнічнае віно | Wino truskawkowe | 2008 <br><br>Гэта не фільм пра каханне, хаця каханне ў ім ёсць. Гэта не камедыя, хоць героі кажуць смешныя рэчы. Гэта не дэтэктыў, хоць галоўны герой высвятляе, хто забіў... Гэта не побытавы фільм, хоць правінцыя тут зачароўвае сваймі колерамі. Гэта і не музычны фільм, хоць гарачая Любіца ў танцы выказвае сваю тугу. Гэта таксама не фільм пра духаў, хоць дух гутарыць з героем. Некалькі глыткоў «Клубнічнага віна» прыводзяць нас у чароўны свет гэтага цэнтру Еўропы. Тут каханне, злачынства, раскаянне – натуральныя складнікі жыцця, як поры года, матылі, птушкі або безупынны шум горнай рэчкі.<br> <br>Беларуская агучка: http://www.baravik.org/topic/1449/ (DVO)<br><br>IMDb: http://www.imdb.com/title/tt1260596/ <br>Rotten Tomatoes: https://www.rottentomatoes.com/m/wino_truskawkowe?<br>Kinopoisk: https://www.kinopoisk.ru/film/420856/ <br> <br>#драма@kinakipa #беларускаяагучка@kinakipa;https://pp.userapi.com/c841226/v841226145/4b345/msIzDtdY3dk.jpg;https://pp.userapi.com/c841226/v841226145/4b346/Qzw1qYnlAcA.jpg;https://pp.userapi.com/c841226/v841226145/4b347/PQtY3U_z-0E.jpg;https://pp.userapi.com/c841226/v841226145/4b348/kFBs7ubWgyA.jpg;https://pp.userapi.com/c841226/v841226145/4b349/yPxRgZAfXDQ.jpg;https://pp.userapi.com/c841226/v841226145/4b34a/JsyvPhrRrws.jpg;<iframe src="https://vk.com/video_ext.php?oid=-84384884&id=171160357&hash=d27b2400f916aced" width="480" height="270" frameborder="0" allowfullscreen></iframe>
21;Праўдзівая рамантыка;Прадавец коміксаў і фанат Элвіса Прэслі – Клэрэнс Ўорлі – штогод ходзіць на свой дзень народзінаў у кіно. Гэтым разам ён сустракае ў кінатэатры прыгажуню Алабэму, якая відавочна не абыякавая да яго. Пасля праведзенай разам бурнай ночы выяўляецца, што дзяўчына падсела да яго ў кіно невыпадкова – гэта шэф Клэрэнса замовіў для свайго падначаленага прастытутку ў якасці падарунку... Аднак Алабэма працуе прастытуткаю усяго тры дні і сапраўды закаханая ў Клэрэнса – яна абяцае яму, што пачне з ім новае жыццё. Для гэтага спачатку трэба разабрацца з сутэнёрам Алабэмы, Дрэкслам..;1993;#драма, #меладрама, #трыллер, #крымінал, #беларускаяагучка;https://www.kinopoisk.ru/film/nastoyashhaya-lyubov-1993-4149/;http://www.imdb.com/title/tt0108399/;https://baravik.org/topic/923/;;Праўдзівая рамантыка | True Romance | 1993<br><br>Прадавец коміксаў і фанат Элвіса Прэслі – Клэрэнс Ўорлі – штогод ходзіць на свой дзень народзінаў у кіно. Гэтым разам ён сустракае ў кінатэатры прыгажуню Алабэму, якая відавочна не абыякавая да яго. Пасля праведзенай разам бурнай ночы выяўляецца, што дзяўчына падсела да яго ў кіно невыпадкова – гэта шэф Клэрэнса замовіў для свайго падначаленага прастытутку ў якасці падарунку... Аднак Алабэма працуе прастытуткаю усяго тры дні і сапраўды закаханая ў Клэрэнса – яна абяцае яму, што пачне з ім новае жыццё. Для гэтага спачатку трэба разабрацца з сутэнёрам Алабэмы, Дрэкслам..<br><br>Беларуская агучка: https://baravik.org/topic/923/ (DVO)<br><br>IMDb: http://www.imdb.com/title/tt0108399/<br>Rotten Tomatoes: https://www.rottentomatoes.com/m/true_romance<br>Kinopoisk: https://www.kinopoisk.ru/film/nastoyashhaya-lyubov-1993-4149/<br><br>#драма@kinakipa #меладрама@kinakipa #трыллер@kinakipa #крымінал@kinakipa #беларускаяагучка@kinakipa;https://pp.userapi.com/c840121/v840121517/54ed9/mbv_QO91bNM.jpg;https://pp.userapi.com/c840121/v840121517/54eda/eAJniwKaDfU.jpg;https://pp.userapi.com/c840121/v840121517/54edb/AURtfy6Omlg.jpg;https://pp.userapi.com/c840121/v840121517/54edc/tABFgoUnZnY.jpg;https://pp.userapi.com/c840121/v840121517/54edd/kuvIlCj4Wk0.jpg;https://pp.userapi.com/c840121/v840121517/54ede/E-Av8IzLkDA.jpg;<iframe src="https://vk.com/video_ext.php?oid=-84384884&id=171255116&hash=f1ef211974b88e96" width="480" height="270" frameborder="0" allowfullscreen></iframe>
22;Вакол свету за восемдзесят дзён;Эксцэнтрычны Філіяс Фог разам са сваім слугою абяцае аб’ехаць вакол свету за 80 дзён. Стаўка высокая – 20 тыс. фунтаў. У гэты ж час з лонданскага банку знікае пачак банкнотаў на 50 тыс. фунтаў. Следства бярэ ў свае рукі дэтэктыў Фікс. Ён лічыць, што злачынства здзейсніў... Філіяс. Прэса пачынае распісваць акалічнасці дзіўнай спрэчкі. Усе даведваюцца, што Фог выкарыстаў падарожжа вакол свету як падставу, каб заблытаць паліцыю...;1989;#баявік, #драма, #меладрама, #камедыя, #прыгоды, #серыял, #беларускаяагучка;https://www.kinopoisk.ru/film/vokrug-sveta-za-80-dney-1989-257763/;http://www.imdb.com/title/tt0096535/;https://baravik.org/topic/847/;;Вакол свету за восемдзесят дзён | Around The World in 80 days | 1989<br><br>Эксцэнтрычны Філіяс Фог разам са сваім слугою абяцае аб’ехаць вакол свету за 80 дзён. Стаўка высокая – 20 тыс. фунтаў. У гэты ж час з лонданскага банку знікае пачак банкнотаў на 50 тыс. фунтаў. Следства бярэ ў свае рукі дэтэктыў Фікс. Ён лічыць, што злачынства здзейсніў... Філіяс. Прэса пачынае распісваць акалічнасці дзіўнай спрэчкі. Усе даведваюцца, што Фог выкарыстаў падарожжа вакол свету як падставу, каб заблытаць паліцыю...<br><br>Беларуская агучка: https://baravik.org/topic/847/ (DVO)<br><br>IMDb: http://www.imdb.com/title/tt0096535/<br>Kinopoisk: https://www.kinopoisk.ru/film/vokrug-sveta-za-80-dney-1989-257763/<br><br>#баявік@kinakipa #драма@kinakipa #меладрама@kinakipa #камедыя@kinakipa #прыгоды@kinakipa #серыял@kinakipa #беларускаяагучка@kinakipa;https://pp.userapi.com/c840124/v840124381/4fef8/7JQoWTXZsqM.jpg;https://pp.userapi.com/c840124/v840124381/4fef9/HO51NaMfl8U.jpg;https://pp.userapi.com/c840124/v840124381/4fefa/ZRXNft8DW3o.jpg;https://pp.userapi.com/c840124/v840124381/4fefb/zgFnY_2MMmY.jpg;https://pp.userapi.com/c840124/v840124381/4fefc/0u_-2sjuu20.jpg;https://pp.userapi.com/c840124/v840124381/4fefd/di2R-vvzAGM.jpg;<iframe src="https://www.youtube.com/embed/KCGUKvew3Vg" width="480" height="270" frameborder="0" allowfullscreen></iframe>
23;;Венецыя, 1763 год. Інквізіцыя прысуджае маладога святара і паэта Лорэнцо да Понтэ да пятнаццаці гадоў выслання з дзяржавы за распусныя паводзіны. Ягоны сябар Джакамо Казанова рэкамендуе яго Антоньё Сальеры як літаратурны талент. У Вене Лорэнцо сустракаецца з Моцартам і неўзабаве бярэцца за напісанне лібрэта для новай оперы маэстра – «Дон Джаванні». Праца над операю спрыяе духоўнаму ачышчэнню і перавыхаванню распусніка.;2009, 1763;#драма, #гісторыя, #музыка, #беларускаяагучка;https://www.kinopoisk.ru/film/ya-don-zhuan-2009-222229/;http://www.imdb.com/title/tt0458515/;https://baravik.org/post/6079/;;Я, Дон Джаванні | Io, Don Giovanni | 2009<br><br>Венецыя, 1763 год. Інквізіцыя прысуджае маладога святара і паэта Лорэнцо да Понтэ да пятнаццаці гадоў выслання з дзяржавы за распусныя паводзіны. Ягоны сябар Джакамо Казанова рэкамендуе яго Антоньё Сальеры як літаратурны талент. У Вене Лорэнцо сустракаецца з Моцартам і неўзабаве бярэцца за напісанне лібрэта для новай оперы маэстра – «Дон Джаванні». Праца над операю спрыяе духоўнаму ачышчэнню і перавыхаванню распусніка.<br><br>Беларуская агучка: https://baravik.org/post/6079/ (DVO)<br><br>IMDb: http://www.imdb.com/title/tt0458515/<br>Rotten Tomatoes: https://www.rottentomatoes.com/m/i_don_giovanni<br>Kinopoisk: https://www.kinopoisk.ru/film/ya-don-zhuan-2009-222229/<br><br>#драма@kinakipa #гісторыя@kinakipa #музыка@kinakipa #беларускаяагучка@kinakipa;https://pp.userapi.com/c840025/v840025075/22ea8/T0JR1nsQkqA.jpg;https://pp.userapi.com/c840025/v840025075/22ea9/ZGuMRkyx74k.jpg;https://pp.userapi.com/c840025/v840025075/22eaa/QUwVJuFvZBQ.jpg;https://pp.userapi.com/c840025/v840025075/22eab/3U88Ue8Jtz8.jpg;https://pp.userapi.com/c840025/v840025075/22eac/opo2VWIUVUY.jpg;https://pp.userapi.com/c840025/v840025075/22ead/AkwxLxLSh8Q.jpg;<iframe src="https://vk.com/video_ext.php?oid=-84384884&id=171199544&hash=241b99355c3a58f0" width="480" height="270" frameborder="0" allowfullscreen></iframe>
24;Блізкія незнаёмцы;Ганна перажывае сур’ёзныя сямейныя праблемы. Дамаўляецца аб сустрэчы з псіхааналітыкам, але будучы ўзрушанай, няўмысна трапляе ў суседні кабінет, у якім знаходзіцца кантора падатковага кансультанта Ўільяма. Спачатку ніхто з іх не заўважае памылкі. Ўільям вітае яе як чарговую кліентку і не вельмі здзіўляецца, калі замест просьбы ад дапамозе ў падатковых справах, чуе інтымныя прызнанні. Праз пэўны час Анна знаходзіць сваю памылку, але вырашае працягнуць сустрэчы з падатковым кансультантам. Яна па-ранейшаму наведвае яго і распавядае пра свае праблемы, якія вымушаюць яго ўвайсці ў ролю псіхааналітыка-аматара.;2004;#драма, #меладрама, #трылер, #беларускаяагучка;https://www.kinopoisk.ru/film/otkrovennoe-priznanie-2003-61313/;http://www.imdb.com/title/tt0363532/;https://baravik.org/post/5580/;;Блізкія незнаёмцы | Confidences trop intimes | 2004<br><br>Ганна перажывае сур’ёзныя сямейныя праблемы. Дамаўляецца аб сустрэчы з псіхааналітыкам, але будучы ўзрушанай, няўмысна трапляе ў суседні кабінет, у якім знаходзіцца кантора падатковага кансультанта Ўільяма. Спачатку ніхто з іх не заўважае памылкі. Ўільям вітае яе як чарговую кліентку і не вельмі здзіўляецца, калі замест просьбы ад дапамозе ў падатковых справах, чуе інтымныя прызнанні. Праз пэўны час Анна знаходзіць сваю памылку, але вырашае працягнуць сустрэчы з падатковым кансультантам. Яна па-ранейшаму наведвае яго і распавядае пра свае праблемы, якія вымушаюць яго ўвайсці ў ролю псіхааналітыка-аматара.<br><br>Беларуская агучка: https://baravik.org/post/5580/ (DVO)<br><br>IMDb: http://www.imdb.com/title/tt0363532/<br>Rotten Tomatoes: https://www.rottentomatoes.com/m/intimate_strangers_2003/<br>Kinopoisk: https://www.kinopoisk.ru/film/otkrovennoe-priznanie-2003-61313/<br><br>#драма@kinakipa #меладрама@kinakipa #трылер@kinakipa #беларускаяагучка@kinakipa;https://pp.userapi.com/c840733/v840733687/2f448/azczm7oAAxc.jpg;https://pp.userapi.com/c840733/v840733687/2f449/-Q4Scksk_Js.jpg;https://pp.userapi.com/c840733/v840733687/2f44a/MKCRrZiGcGo.jpg;https://pp.userapi.com/c840733/v840733687/2f44b/OwsvaKEqnRI.jpg;https://pp.userapi.com/c840733/v840733687/2f44c/v9log_dS8DM.jpg;https://pp.userapi.com/c840733/v840733687/2f44d/LCr5x2MZSRk.jpg;<iframe src="https://vk.com/video_ext.php?oid=-84384884&id=171219363&hash=c70546661956a271" width="480" height="270" frameborder="0" allowfullscreen></iframe>
25;Провады;Малады музыка Дайго Кабаясі набывае дарагую віяланчэль і ўладкоўваецца на працу ў адзін з прыватных такійскіх аркестраў. Калі пасля аднаго з выступаў менеджар абвяшчае, што аркестр распушчаны, Кабаясі застаецца без працы ды дзеля эканоміі перабрацца разам з жонкаю ў роднае мястэчка. Маці, што памерла некалькі гадоў таму, пакінула яму ў спадчыну дом. Маладая сям’я асвойваецца на новым месцы, і неўзабаве Кабаясі натрапляе ў газеце на абвестку: турыстычнаму агенцтву трэба працаўнік, практыка неабавязковая. Калі Кабаясі з’яўляецца ў офісе агенцтва, то нечакана пераконваецца, што фірма зарганізоўвае провады нябожчыкаў у апошні шлях...;2008;#драма, #музыка, #беларускаяагучка;https://www.kinopoisk.ru/film/ushedshie-2008-391762;http://www.imdb.com/title/tt1069238/;https://baravik.org/post/7564/;;Провады | Okuribito | 2008<br><br>Малады музыка Дайго Кабаясі набывае дарагую віяланчэль і ўладкоўваецца на працу ў адзін з прыватных такійскіх аркестраў. Калі пасля аднаго з выступаў менеджар абвяшчае, што аркестр распушчаны, Кабаясі застаецца без працы ды дзеля эканоміі перабрацца разам з жонкаю ў роднае мястэчка. Маці, што памерла некалькі гадоў таму, пакінула яму ў спадчыну дом. Маладая сям’я асвойваецца на новым месцы, і неўзабаве Кабаясі натрапляе ў газеце на абвестку: турыстычнаму агенцтву трэба працаўнік, практыка неабавязковая. Калі Кабаясі з’яўляецца ў офісе агенцтва, то нечакана пераконваецца, што фірма зарганізоўвае провады нябожчыкаў у апошні шлях... <br><br>Беларуская агучка: https://baravik.org/post/7564/ (DVO)<br><br>IMDb: http://www.imdb.com/title/tt1069238/<br>Kinopoisk: https://www.kinopoisk.ru/film/ushedshie-2008-391762<br><br>#драма@kinakipa #музыка@kinakipa #беларускаяагучка@kinakipa;https://pp.userapi.com/c830609/v830609637/b8e2/vAvjPP7l32s.jpg;https://pp.userapi.com/c830609/v830609637/b8e3/bk3l8L-XyJM.jpg;https://pp.userapi.com/c830609/v830609637/b8e4/Y1XlCld--CM.jpg;https://pp.userapi.com/c830609/v830609637/b8e5/461qGEwCJTI.jpg;https://pp.userapi.com/c830609/v830609637/b8e6/NboBC8znL-w.jpg;https://pp.userapi.com/c830609/v830609637/b8e7/GfIZs2o2lpk.jpg;<iframe src="https://vk.com/video_ext.php?oid=136774192&id=456239324&hash=de02ed48cf50bdeb" width="480" height="270" frameborder="0" allowfullscreen></iframe>
26;;#беларускіясубцітры@kinakipa;1982;#беларускіясубцітры, #драма, #мюзікл;https://www.kinopoisk.ru/film/stena-1982-23712/;http://www.imdb.com/title/tt0084503/;https://baravik.org/post/8135/;;Пінк Флойд: Сцяна | Pink Floyd The Wall | 1982<br><br>#беларускіясубцітры@kinakipa<br><br>Усё змяшалася ў нумары нейкага лос-анджэлескага гатэля, у якім быў зачынены рок-музыкант Пінк - прастора і час, рэальнасць і кашмар. Кожная цагліна ў «Сцяне» - яго пачуцці, думкі, успаміны. <br>Сюжэт фільма заснаваны на падвойным альбоме групы «Pink Floyd» - «The Wall», які 23 разы атрымліваў статус плацінавага і быў распрададзены па ўсім свеце агульным тыражом 11,7 мільёнаў асобнікаў.<br><br>Беларускія субцітры: <br>720p: https://baravik.org/post/8135/<br><br>Пераклад: [id7630170|Мар'яна Вітэра]<br><br>IMDB: http://www.imdb.com/title/tt0084503/<br>Rotten Tomattoes: https://www.rottentomatoes.com/m/pink_floyd_the_wall/<br>Kinopoisk: https://www.kinopoisk.ru/film/stena-1982-23712/<br><br>#драма@kinakipa #мюзікл@kinakipa;https://pp.userapi.com/c840434/v840434057/3338c/PlwHJWCs0vs.jpg;https://pp.userapi.com/c840434/v840434057/3338d/3Ojbz15RBdE.jpg;https://pp.userapi.com/c840434/v840434057/3338e/ChcQFOzHlPY.jpg;https://pp.userapi.com/c840434/v840434057/3338f/x8dCNzE8m0Y.jpg;https://pp.userapi.com/c840434/v840434057/33390/c4mpsGoPf3k.jpg;https://pp.userapi.com/c840434/v840434057/33391/3v8DctlTowI.jpg;<iframe src="https://vk.com/video_ext.php?oid=-31671521&id=171571828&hash=af79fc943e04d969" width="480" height="270" frameborder="0" allowfullscreen></iframe>
27;Госфард-Парк;Брытанія, 1932 год. У маёнтак сэра Ўільяма МакКордла з’язджаюцца ягоныя сябры ды сваякі-арыстакраты з усяго наваколля, каб узяць удзел у традыцыйным паляванні на фазанаў. Гасцей суправаджаюць іхныя слугі, якія ўліваюцца ў шматлікі хатні персанал маёнтку. Ад сваіх тутэйшых калег яны паступова даведваюцца пра цёмную мінуўшчыну сваіх гаспадароў і пра тое, што стасункі між тымі, перадусім фінансавыя, не настолькі бясхмарныя, як здаецца. Аднак ці не ў кожнага з слуг таксама ёсць свая таямніца, якую яны хаваюць за каменнымі тварамі ды ветлівымі ўсмешкамі. У паветры лунае прадчуванне злачынства, за якім можа стаяць фактычна любы з прысутных...;2001, 1932;#драма, #камедыя, #дэтэктыў, #беларускаяагучка;https://www.kinopoisk.ru/film/gosford-park-2001-683/;http://www.imdb.com/title/tt0280707/;https://baravik.org/post/8157/;;Госфард-Парк | Gosford Park | 2001<br><br>Брытанія, 1932 год. У маёнтак сэра Ўільяма МакКордла з’язджаюцца ягоныя сябры ды сваякі-арыстакраты з усяго наваколля, каб узяць удзел у традыцыйным паляванні на фазанаў. Гасцей суправаджаюць іхныя слугі, якія ўліваюцца ў шматлікі хатні персанал маёнтку. Ад сваіх тутэйшых калег яны паступова даведваюцца пра цёмную мінуўшчыну сваіх гаспадароў і пра тое, што стасункі між тымі, перадусім фінансавыя, не настолькі бясхмарныя, як здаецца. Аднак ці не ў кожнага з слуг таксама ёсць свая таямніца, якую яны хаваюць за каменнымі тварамі ды ветлівымі ўсмешкамі. У паветры лунае прадчуванне злачынства, за якім можа стаяць фактычна любы з прысутных...<br><br>Беларуская агучка: https://baravik.org/post/8157/ (DVO)<br><br>IMDb: http://www.imdb.com/title/tt0280707/ <br>Rotten Tomatoes: https://www.rottentomatoes.com/m/gosford_park<br>Kinopoisk: https://www.kinopoisk.ru/film/gosford-park-2001-683/<br><br>#драма@kinakipa #камедыя@kinakipa #дэтэктыў@kinakipa #беларускаяагучка@kinakipa;https://pp.userapi.com/c831508/v831508897/9c50/im_e-buEBhk.jpg;https://pp.userapi.com/c831508/v831508897/9c51/z3wM8DrDgSk.jpg;https://pp.userapi.com/c831508/v831508897/9c52/NXLzOvHcC0w.jpg;https://pp.userapi.com/c831508/v831508897/9c53/aA3ZNGAAecM.jpg;https://pp.userapi.com/c831508/v831508897/9c54/qG_Tjy20ZAA.jpg;https://pp.userapi.com/c831508/v831508897/9c55/z0eMJWa7A5E.jpg;<iframe src="https://vk.com/video_ext.php?oid=-84384884&id=171259120&hash=a35f5c54bd0704df" width="480" height="270" frameborder="0" allowfullscreen></iframe>
28;Пад Кубрыка;Абсалютна нікому не вядомы Элан Конўэй доўгі час выдае сябе за аднаго з найвялікшых кінарэжысёраў усіх часоў – Стэнлі Кубрыка. Конўэй амаль нічога не ведае ні пра самога Стэнлі Кубрыка, ні пра ягоныя фільмы, аднак гэта не замінае яму ўваходзіць у давер да самых розных людзей, якія думаюць, што блізка пасябравалі з легендаю кінематографу. Конўэй абяцае паспрыяць іхнай кар’еры, здзейсніць запаветныя мары – і выцягвае з іх грошы, здабывае выгоды і ўвогуле атрымлівае ледзь не ўсё, што хоча. Гэта вясёлая і сумная, неверагодная і, тым не менш, сапраўдная гісторыя пра самазванца, генія ды імкненне да славы.;2005;#драма, #камедыя, #беларускаяагучка;https://www.kinopoisk.ru/film/51587/;http://www.imdb.com/title/tt0376543/;http://www.baravik.org/topic/950/;;Пад Кубрыка | Colour me Kubrick | 2005<br><br>Абсалютна нікому не вядомы Элан Конўэй доўгі час выдае сябе за аднаго з найвялікшых кінарэжысёраў усіх часоў – Стэнлі Кубрыка. Конўэй амаль нічога не ведае ні пра самога Стэнлі Кубрыка, ні пра ягоныя фільмы, аднак гэта не замінае яму ўваходзіць у давер да самых розных людзей, якія думаюць, што блізка пасябравалі з легендаю кінематографу. Конўэй абяцае паспрыяць іхнай кар’еры, здзейсніць запаветныя мары – і выцягвае з іх грошы, здабывае выгоды і ўвогуле атрымлівае ледзь не ўсё, што хоча. Гэта вясёлая і сумная, неверагодная і, тым не менш, сапраўдная гісторыя пра самазванца, генія ды імкненне да славы.<br><br>Беларуская агучка: http://www.baravik.org/topic/950/ (DVO)<br><br>IMDb: http://www.imdb.com/title/tt0376543/<br>Rotten Tomatoes: https://www.rottentomatoes.com/m/colour_me_kubrick?<br>Кинопоиск: https://www.kinopoisk.ru/film/51587/<br><br>#драма@kinakipa #камедыя@kinakipa #беларускаяагучка@kinakipa;https://pp.userapi.com/c637131/v637131694/327fe/mgg976IGnKg.jpg;https://pp.userapi.com/c637131/v637131694/327ff/gdomhFd9q0c.jpg;https://pp.userapi.com/c637131/v637131694/32800/0RBZvi3uZlc.jpg;https://pp.userapi.com/c637131/v637131694/32801/eK3qGM_vgzg.jpg;https://pp.userapi.com/c637131/v637131694/32802/UgbHFjbXv7A.jpg;https://pp.userapi.com/c637131/v637131694/32803/e1RbrLwEprY.jpg;<iframe src="https://vk.com/video_ext.php?oid=-84384884&id=171228989&hash=f825c51afccd7140" width="480" height="270" frameborder="0" allowfullscreen></iframe>
29;Піпі Доўгаяпанчоха;У мястэчку селіцца дзіўная дзяўчынка, якую клічуць Піпі Доўгаяпанчоха. Яе суседзі Томі ды Аніка проста шчаслівыя! Праўда, гарадскія ўлады хочуць адправіць Піпі ў дзіцячы дом. Але з ёю не спраўляюцца нават паліцыянты!..;1969;#серыял, #фэнтэзі, #сямейны, #прыгоды, #беларускаяагучка;https://www.kinopoisk.ru/film/peppi-dlinnyy-chulok-1969-161263;http://www.imdb.com/title/tt0062598/;https://baravik.org/topic/595/;;https://pp.userapi.com/c639821/v639821192/68f00/SByj6aE21-Y.jpg;https://pp.userapi.com/c639821/v639821192/68f01/dgEsna_XKKo.jpg;https://pp.userapi.com/c639821/v639821192/68f02/MRO_WKnKU2g.jpg;https://pp.userapi.com/c639821/v639821192/68f03/cSIVUOYrn70.jpg;https://pp.userapi.com/c639821/v639821192/68f04/nIzJCEco84s.jpg;https://pp.userapi.com/c639821/v639821192/68f05/2zmk97cOJ8Y.jpg;<iframe src="https://www.youtube.com/embed/zepaOM2xgNw" width="480" height="270" frameborder="0" allowfullscreen></iframe>
30;У каго я ўрадзіўся;Прадстаўнікі трох пакаленняў – дзед, бацька і сын – збіраюцца разам, на прыняцці з нагоды Дня бацькі, якое ладзіць малодшы з іх. Усе выдатна ведаюць, што разам будуць нядоўга, бо бацькам цяжка хворы. Усведамленне гэтага факту шмат чаму навучыць усіх траіх, дапаможа спазнаць іншыя вартасці, зразумець сэнс жыцця і пераадолець усе перашкоды, што стаяць між імі, выбачыць адно аднаму ўсе крыўды.;2002;#драма, #беларускаяагучка;https://www.kinopoisk.ru/film/v-kogo-ya-urodilsya-2002-370787/;http://www.imdb.com/title/tt0311988/;https://baravik.org/post/5392/;;https://pp.userapi.com/c830409/v830409509/58d/bzgUuDl3M7E.jpg;https://pp.userapi.com/c830409/v830409509/58e/CSAlr3dyhMs.jpg;https://pp.userapi.com/c830409/v830409509/58f/Zh8ltnILk3o.jpg;https://pp.userapi.com/c830409/v830409509/590/we3F0EhD33Y.jpg;https://pp.userapi.com/c830409/v830409509/591/CiMUYH7rnbk.jpg;https://pp.userapi.com/c830409/v830409509/592/Co_veGQjvbQ.jpg;<iframe src="https://vk.com/video_ext.php?oid=-84384884&id=171219624&hash=7b7d35785faf82e5" width="480" height="270" frameborder="0" allowfullscreen></iframe>
31;Лэсі;Напярэдадні 2-й сусветнай вайны для жыхароў шахцёрскага мястэчка ў Йоркшыры, дзе прыпынілася праца мясцовай шахты, надышлі цяжкія часы. Каб неяк выжыць, сям’я Караклоў вырашае прадаць свайго сабаку-колі Лэсі старому герцагу Радлінгу. Той адвозіць Лэсі ў свой шатландскі замак – за пяцьсот міляў ад Йоркшыра. Аднак сабака ўцякае ад герцага. Прайшоўшы праз мноства прыгодаў, колі ўрэшце дабіраецца да мястэчка і перад самым Божым Нараджэннем з’яўляецца на ганку дому Караклоў.;2005;#драма, #камедыя, #прыгодніцкіфільм, #беларускаяагучка;https://www.kinopoisk.ru/film/lessi-2005-180153/;http://www.imdb.com/title/tt0431213/;http://www.baravik.org/topic/294/;;Лэсі | Lassie | 2005<br><br>Напярэдадні 2-й сусветнай вайны для жыхароў шахцёрскага мястэчка ў Йоркшыры, дзе прыпынілася праца мясцовай шахты, надышлі цяжкія часы. Каб неяк выжыць, сям’я Караклоў вырашае прадаць свайго сабаку-колі Лэсі старому герцагу Радлінгу. Той адвозіць Лэсі ў свой шатландскі замак – за пяцьсот міляў ад Йоркшыра. Аднак сабака ўцякае ад герцага. Прайшоўшы праз мноства прыгодаў, колі ўрэшце дабіраецца да мястэчка і перад самым Божым Нараджэннем з’яўляецца на ганку дому Караклоў.<br><br>Беларуская агучка: http://www.baravik.org/topic/294/ (DVO)<br><br>IMDb: http://www.imdb.com/title/tt0431213/ <br>Rotten Tomatoes: https://www.rottentomatoes.com/m/lassie/<br>Kinopoisk: https://www.kinopoisk.ru/film/lessi-2005-180153/<br><br>#драма@kinakipa #камедыя@kinakipa #прыгодніцкіфільм@kinakipa #беларускаяагучка@kinakipa;https://pp.userapi.com/c840635/v840635183/2d41a/gpBFOQECBbA.jpg;https://pp.userapi.com/c840635/v840635183/2d41b/Rm3qWiHF6Q4.jpg;https://pp.userapi.com/c840635/v840635183/2d41c/Hz47bLD9l_0.jpg;https://pp.userapi.com/c840635/v840635183/2d41d/NLse9U-SPxQ.jpg;https://pp.userapi.com/c840635/v840635183/2d41e/qZzNG8kA2l8.jpg;https://pp.userapi.com/c840635/v840635183/2d41f/JXhUr5lTNr0.jpg;<iframe src="https://vk.com/video_ext.php?oid=-94439418&id=171135353&hash=1f4110a181d7f1da" width="480" height="270" frameborder="0" allowfullscreen></iframe>
32;Падзенне;Красавік 1945 года. У абложаным савецкімі войскамі Берліне пануе хаос. Кіраўніцтва Трэцяга Рэйху ў падземным бункеры пад райхсканцылярыяй з жахам назірае, як іхны фюрэр усё больш страчвае сувязь з рэчаіснасцю. Канец перадвызначаны, але на берлінскіх вуліцах працягвае ліцца кроў. Шмат каму з немцаў спатрэбяцца гады, каб асэнсаваць катастрофу, якую прынёс іх грамадству нацызм.;2004, 1945;#драма, #ваенны, #біяграфія, #гісторыя, #беларускаяагучка;https://www.kinopoisk.ru/film/bunker-2004-48246/;http://www.imdb.com/title/tt0363163/;https://baravik.org/topic/1424/, https://baravik.org/topic/1797/;;Падзенне | Der Untergang | 2004<br><br>Красавік 1945 года. У абложаным савецкімі войскамі Берліне пануе хаос. Кіраўніцтва Трэцяга Рэйху ў падземным бункеры пад райхсканцылярыяй з жахам назірае, як іхны фюрэр усё больш страчвае сувязь з рэчаіснасцю. Канец перадвызначаны, але на берлінскіх вуліцах працягвае ліцца кроў. Шмат каму з немцаў спатрэбяцца гады, каб асэнсаваць катастрофу, якую прынёс іх грамадству нацызм.<br><br>Беларуская агучка: <br>SatRip: https://baravik.org/topic/1424/ (DVO)<br>720p: https://baravik.org/topic/1797/ (DVO)<br> <br>IMDb: http://www.imdb.com/title/tt0363163/<br>RottenTomatoes: https://www.rottentomatoes.com/m/downfall/<br> Kinopoisk: https://www.kinopoisk.ru/film/bunker-2004-48246/<br><br>#драма@kinakipa #ваенны@kinakipa #біяграфія@kinakipa #гісторыя@kinakipa #беларускаяагучка@kinakipa;https://pp.userapi.com/c840524/v840524871/2e330/5fSKSaEpABU.jpg;https://pp.userapi.com/c840524/v840524871/2e331/yRJyibzHLF0.jpg;https://pp.userapi.com/c840524/v840524871/2e332/MY3ctdKEr6A.jpg;https://pp.userapi.com/c840524/v840524871/2e333/CTFiCT8NQiE.jpg;https://pp.userapi.com/c840524/v840524871/2e334/zfsOCSiDXZo.jpg;https://pp.userapi.com/c840524/v840524871/2e335/QQStu7pUTYI.jpg;<iframe src="https://vk.com/video_ext.php?oid=-84384884&id=171162618&hash=3801c530d90fb676" width="480" height="270" frameborder="0" allowfullscreen></iframe>
33;;Ачуняць пасля замаразкі праз 60 гадоў у грамадстве прыгожага полу, адзінага пакінутага на Зямлі пасля атамнай вайны - справа дзўіная. І ўсё ж нашы героі - спрытны лавелас Макс і інтэлігент Альберт бліскуча выходзяць з гэтай сітуацыі, вярнуўшы "Новым амазонкам" прыгожую, чыстую планету і зноўку навучыўшы іх каханню...;1984;#фантастыка, #камедыя, #прыгоды, #беларускаяагучка;https://www.kinopoisk.ru/film/seksmissiya-1983-66171/;http://www.imdb.com/title/tt0088083/;https://baravik.org/topic/808/;;Сэксмісія (Новыя амазонкі) | Seksmisja | 1984<br><br>Ачуняць пасля замаразкі праз 60 гадоў у грамадстве прыгожага полу, адзінага пакінутага на Зямлі пасля атамнай вайны - справа дзўіная. І ўсё ж нашы героі - спрытны лавелас Макс і інтэлігент Альберт бліскуча выходзяць з гэтай сітуацыі, вярнуўшы "Новым амазонкам" прыгожую, чыстую планету і зноўку навучыўшы іх каханню... <br><br>Беларуская агучка: https://baravik.org/topic/808/<br><br>IMDb: http://www.imdb.com/title/tt0088083/<br>RottenTomatoes: https://www.rottentomatoes.com/m/seksmisja/<br>Kinopoisk: https://www.kinopoisk.ru/film/seksmissiya-1983-66171/<br><br>#фантастыка@kinakipa #камедыя@kinakipa #прыгоды@kinakipa #беларускаяагучка@kinakipa;https://pp.userapi.com/c840438/v840438739/2e073/EBmnIC_NVCQ.jpg;https://pp.userapi.com/c840438/v840438739/2e074/gVDp9xp2ouc.jpg;https://pp.userapi.com/c840438/v840438739/2e075/hiXui9NQmvM.jpg;https://pp.userapi.com/c840438/v840438739/2e076/HoX1YAWcrsQ.jpg;https://pp.userapi.com/c840438/v840438739/2e077/lWbj30zZJHE.jpg;https://pp.userapi.com/c840438/v840438739/2e078/husQLMMJbx4.jpg;<iframe src="https://vk.com/video_ext.php?oid=-84384884&id=171229986&hash=abde7841207e1aa5" width="480" height="270" frameborder="0" allowfullscreen></iframe>
34;Палітыканы;Дэні Фостэр працуе ў канцылярыі дэпутаткі брытанскага парламенту ад партыі лейбарыстаў Джаўэн Портэр, ягоны брат Скот – у фірме, якая займаецца лабіяваннем інтарэсаў вялікага бізнесу ў палітыцы. Абодва належаць да лонданскай «залатой моладзі», якая дзеліць свой час між кабінетнаю працаю, парламенцкімі кулуарамі ды вечаровымі забавамі. Цягам адной з такіх вечарынаў у клубе, Дэні забывае ў прыбіральні важныя дакументы, якія трапляюць у рукі палітычнай апазіцыі... Ці здолее ён вярнуць давер сваёй кіруючай?;2007;#драма, #беларускаяагучка;https://www.kinopoisk.ru/film/dikaya-vecherinka-2007-437338/;http://www.imdb.com/title/tt0847147/;https://baravik.org/topic/1006/;;Палітыканы | Party Animals | 2007<br><br>Дэні Фостэр працуе ў канцылярыі дэпутаткі брытанскага парламенту ад партыі лейбарыстаў Джаўэн Портэр, ягоны брат Скот – у фірме, якая займаецца лабіяваннем інтарэсаў вялікага бізнесу ў палітыцы. Абодва належаць да лонданскай «залатой моладзі», якая дзеліць свой час між кабінетнаю працаю, парламенцкімі кулуарамі ды вечаровымі забавамі. Цягам адной з такіх вечарынаў у клубе, Дэні забывае ў прыбіральні важныя дакументы, якія трапляюць у рукі палітычнай апазіцыі... Ці здолее ён вярнуць давер сваёй кіруючай?<br><br>Беларуская агучка: https://baravik.org/topic/1006/<br><br>IMDb: http://www.imdb.com/title/tt0847147/<br>Rotten Tomatoes: https://www.rottentomatoes.com/m/771354749/ <br>Kinopoisk: https://www.kinopoisk.ru/film/dikaya-vecherinka-2007-437338/<br><br>#драма@kinakipa #беларускаяагучка@kinakipa;https://pp.userapi.com/c639131/v639131475/66b1d/NJRaJIMF8Ao.jpg;https://pp.userapi.com/c639131/v639131475/66b1e/Zx4TyOBxsiw.jpg;https://pp.userapi.com/c639131/v639131475/66b1f/RLu_F_UcRdU.jpg;https://pp.userapi.com/c639131/v639131475/66b20/j6nv3mQCCqE.jpg;https://pp.userapi.com/c639131/v639131475/66b21/VJOmeZs2oAQ.jpg;https://pp.userapi.com/c639131/v639131475/66b22/rcop5Dwzfl8.jpg;<iframe src="https://www.youtube.com/embed/R0toRMKdr1g" width="480" height="270" frameborder="0" allowfullscreen></iframe>
35;Гіцлі;Цудоўная маці і жонка Нэнсі Сэнкі, якая штодня дасылае мужу вершы, праз збег акалічнасцяў гіне ў агні. Прыгнечаныя стратаю, яе муж Гэры і сын Сэм застаюцца ўдвох, але паміж імі ўтвараецца бездань. Незадоўга да смерці Нэнсі запоўніла і даслала ад імя Гэры анкету на ўдзел у тэлегульні “Гіцлі”. Пасля доўгіх ваганняў Гэры вырашае ўзяць у ёй удзел. Тэлешоу ператвараецца ў складаны, пакручасты шлях бацькі і сына насустрач адно аднаму.;2003;#камедыя, #драма, #беларускаяагучка;https://www.kinopoisk.ru/film/nakhal-2003-14331;http://www.imdb.com/title/tt0321640/;https://baravik.org/topic/998/;;Гіцлі | Cheeky | 2003 <br> <br>Цудоўная маці і жонка Нэнсі Сэнкі, якая штодня дасылае мужу вершы, праз збег акалічнасцяў гіне ў агні. Прыгнечаныя стратаю, яе муж Гэры і сын Сэм застаюцца ўдвох, але паміж імі ўтвараецца бездань. Незадоўга да смерці Нэнсі запоўніла і даслала ад імя Гэры анкету на ўдзел у тэлегульні “Гіцлі”. Пасля доўгіх ваганняў Гэры вырашае ўзяць у ёй удзел. Тэлешоу ператвараецца ў складаны, пакручасты шлях бацькі і сына насустрач адно аднаму.<br> <br>Беларуская агучка: https://baravik.org/topic/998/ (DVO) <br> <br>IMDb: http://www.imdb.com/title/tt0321640/<br>Rotten Tomatoes: https://www.rottentomatoes.com/m/771354749/<br>Kinopoisk: https://www.kinopoisk.ru/film/nakhal-2003-14331<br><br>#камедыя@kinakipa #драма@kinakipa #беларускаяагучка@kinakipa;https://pp.userapi.com/c824601/v824601471/3e449/fgR3jzI83lo.jpg;https://pp.userapi.com/c824601/v824601471/3e44a/YmLopcBi3L0.jpg;https://pp.userapi.com/c824601/v824601471/3e44b/Gcti-EVV95c.jpg;https://pp.userapi.com/c824601/v824601471/3e44c/14jC9Lx4sII.jpg;https://pp.userapi.com/c824601/v824601471/3e44d/yHHKoYB9v6w.jpg;https://pp.userapi.com/c824601/v824601471/3e44e/j9VQk13KlWY.jpg;<iframe src="https://vk.com/video_ext.php?oid=-84384884&id=171468115&hash=f1fdf60fbecd6f32" width="480" height="270" frameborder="0" allowfullscreen></iframe>
36;Фанфан-цюльпан;Падзеі стужкі адбываюцца ў Францыі XVIII ст. — за часоў панавання караля Луі XV. У фільме расказваецца пра маладога, вельмі прывабнага, але беднага хлопца Фанфана, які, каб не жаніцца, уцякае ў войска. У дарозе цыганка яму варожыць, што, калі ён пойдзе служыць, то аднаго дня пабярэцца шлюбам з дачкою самога караля!..;2003;#прыгоды, #камедыя, #меладрама, #беларускаяагучка;https://www.kinopoisk.ru/film/14336/;http://www.imdb.com/title/tt0305568/;http://www.baravik.org/topic/62/;;Фанфан-цюльпан | Fanfan la Tulipe | 2003<br><br>Падзеі стужкі адбываюцца ў Францыі XVIII ст. — за часоў панавання караля Луі XV. У фільме расказваецца пра маладога, вельмі прывабнага, але беднага хлопца Фанфана, які, каб не жаніцца, уцякае ў войска. У дарозе цыганка яму варожыць, што, калі ён пойдзе служыць, то аднаго дня пабярэцца шлюбам з дачкою самога караля!..<br><br>Беларуская агучка: http://www.baravik.org/topic/62/ (DVO)<br><br>IMDb: http://www.imdb.com/title/tt0305568/<br>Kinopoisk: https://www.kinopoisk.ru/film/14336/<br><br>#прыгоды@kinakipa #камедыя@kinakipa #меладрама@kinakipa #беларускаяагучка@kinakipa;https://pp.userapi.com/c840724/v840724847/2c9a3/ZFqgjHCdguE.jpg;https://pp.userapi.com/c840724/v840724847/2c9a4/3c5D0RexX7U.jpg;https://pp.userapi.com/c840724/v840724847/2c9a5/2pbE5p8EjwA.jpg;https://pp.userapi.com/c840724/v840724847/2c9a6/4Rm484X8twY.jpg;https://pp.userapi.com/c840724/v840724847/2c9a7/hZYle3_aBdE.jpg;https://pp.userapi.com/c840724/v840724847/2c9a8/XphYZr_uNZU.jpg;<iframe src="https://vk.com/video_ext.php?oid=-84384884&id=171229592&hash=b6319478ce327e41" width="480" height="270" frameborder="0" allowfullscreen></iframe>
37;Тыдзень з жыцця мужчыны;Аповед пра тыдзень з жыцця мужчыны ў сярэднім веку. Шчаслівы тыдзень. Мужчына купляе новы дом, выходзіць напісаная ім кніга, ягонай жонцы даюць прэстыжную ўзнагароду, хор, у якім спявае герой фільму, едзе ў турнэ ў Англію, і рыхтуе на паездку прыгожую песню. З усіх бакоў выдатна, і ўсё ж... Герой — пракурор. Ён абвінавачвае людзей. Дзіўным чынам справы з судовай залі адбіваюцца на ягоным жыцці. Цяжка ўсё гэта пераадолець, і шчаслівы тыдзень раптам перастае такім быць.;1999;#драма, #камедыя, #беларускаяагучка;https://www.kinopoisk.ru/film/nedelya-iz-zhizni-muzhchiny-1999-66331/;http://www.imdb.com/title/tt0209445/;https://baravik.org/post/4460/;;https://pp.userapi.com/c841232/v841232906/3c9e2/xbQsMBfOL-k.jpg;https://pp.userapi.com/c841232/v841232906/3c9e3/tEILqiHGB6I.jpg;https://pp.userapi.com/c841232/v841232906/3c9e4/WtqrZLrUvNM.jpg;https://pp.userapi.com/c841232/v841232906/3c9e5/6HQLIjLD64Y.jpg;https://pp.userapi.com/c841232/v841232906/3c9e6/cgJ8KcMlUd0.jpg;https://pp.userapi.com/c841232/v841232906/3c9e7/jFEJncxWZYo.jpg;<iframe src="https://vk.com/video_ext.php?oid=-84384884&id=171229557&hash=1808cd734736f956" width="480" height="270" frameborder="0" allowfullscreen></iframe>
